{"cameraMode":{"drawMode":0,"name":"Shaded","section":"Shading Mode"},"sceneLighting":true,"audioPlay":false,"sceneViewState":{"m_AlwaysRefresh":false,"showFog":true,"showSkybox":true,"showFlares":true,"showImageEffects":true,"showParticleSystems":true,"showVisualEffectGraphs":true,"m_FxEnabled":true},"in2DMode":false,"pivot":{"x":0.012225151062011719,"y":0.9749999046325684,"z":-16.762195587158204},"rotation":{"x":-0.08691968768835068,"y":0.9000370502471924,"z":-0.2105569988489151,"w":-0.3715428411960602},"size":4.014115810394287,"orthographic":false}